{"Getting Model": [1745482380.8586054, 7.913937330245972], "Creating pythorch Dataset": [1745482419.0019445, 38.14333915710449], "Setting additional atributes": [1745482419.0023024, 0.0003578662872314453], "Creating pytorch Data Loaders": [1745482419.0026648, 0.000362396240234375], "Training": [1745483276.321902, 857.3192372322083], "Testing": [1745483341.3015237, 64.97962164878845], "TOTAL": [1745483341.302508, 968.3578400611877]}