{"Total": [1743933711.4378011, 281.442129611969], "Getting Model": [1743933439.1494517, 9.153780221939087], "Creating pythorch Dataset": [1743933452.2801757, 13.13072395324707], "Setting additional atributes": [1743933452.280596, 0.0004203319549560547], "Creating pytorch Data Loaders": [1743933452.2809362, 0.0003402233123779297], "Training": [1743933654.4234734, 202.1425371170044], "Testing": [1743933711.4366815, 57.01320815086365]}