{"Getting Model": [1747327977.0774298, 7.780608415603638], "Creating pythorch Dataset": [1747328021.189182, 44.11175227165222], "Setting additional atributes": [1747328021.1896777, 0.0004956722259521484], "Creating pytorch Data Loaders": [1747328021.1899743, 0.00029659271240234375], "Training": [1747328560.2867308, 539.0967564582825], "Testing": [1747329418.672245, 858.3855142593384], "TOTAL": [1747329418.6731586, 1449.3763372898102]}