{"Getting Model": [1744323119.7393932, 8.565156936645508], "Creating pythorch Dataset": [1744323155.1111748, 35.37178158760071], "Setting additional atributes": [1744323155.111577, 0.00040221214294433594], "Creating pytorch Data Loaders": [1744323155.1118827, 0.0003056526184082031], "Training": [1744324682.6924784, 1527.5805957317352], "Testing": [1744324869.4591875, 186.76670908927917], "TOTAL": [1744324869.4603972, 1758.2861609458923]}