{"START": [1743962498.3724697, 0], "Start": [1743962498.3724718, 2.1457672119140625e-06], "Getting Model": [1743962503.553823, 5.181351184844971], "Creating pythorch Dataset": [1743962515.825916, 12.272093057632446], "Setting additional atributes": [1743962515.8274643, 0.0015482902526855469], "Creating pytorch Data Loaders": [1743962515.8284016, 0.0009372234344482422], "Training": [1743962804.2394276, 288.41102600097656], "Testing": [1743963007.5470147, 203.30758714675903], "TOTAL": [1743963007.5479324, 509.1754627227783]}