{"Getting Model": [1744233235.0495346, 5.609702825546265], "Creating pythorch Dataset": [1744233270.006979, 34.95744442939758], "Setting additional atributes": [1744233270.008076, 0.001096963882446289], "Creating pytorch Data Loaders": [1744233270.00873, 0.0006539821624755859], "Training": [1744236458.9935155, 3188.984785556793], "Testing": [1744241916.6847134, 5457.691197872162], "TOTAL": [1744241916.6857028, 8687.245871067047]}