{"Getting Model": [1744318381.6472754, 8.520723342895508], "Creating pythorch Dataset": [1744318416.546516, 34.899240493774414], "Setting additional atributes": [1744318416.5468884, 0.0003724098205566406], "Creating pytorch Data Loaders": [1744318416.5472052, 0.00031685829162597656], "Training": [1744318974.293398, 557.7461926937103], "Testing": [1744319071.4528449, 97.15944695472717], "TOTAL": [1744319071.4537928, 698.3272407054901]}