{"Getting Model": [1744326427.2156026, 8.453243255615234], "Creating pythorch Dataset": [1744326469.6410787, 42.42547607421875], "Setting additional atributes": [1744326469.641447, 0.00036835670471191406], "Creating pytorch Data Loaders": [1744326469.641744, 0.0002968311309814453], "Training": [1744327916.358226, 1446.7164821624756], "Testing": [1744328011.4534745, 95.09524846076965], "TOTAL": [1744328011.4544797, 1592.6921203136444]}