{"Getting Model": [1744324888.8355298, 8.094794034957886], "Creating pythorch Dataset": [1744324924.5364444, 35.70091462135315], "Setting additional atributes": [1744324924.5370278, 0.0005834102630615234], "Creating pytorch Data Loaders": [1744324924.5373893, 0.00036144256591796875], "Training": [1744326330.9111114, 1406.373722076416], "Testing": [1744326406.8533323, 75.94222092628479], "TOTAL": [1744326406.854079, 1526.1133432388306]}