{"Getting Model": [1745491339.4931185, 8.351083993911743], "Creating pythorch Dataset": [1745491374.9344888, 35.441370248794556], "Setting additional atributes": [1745491374.934923, 0.0004341602325439453], "Creating pytorch Data Loaders": [1745491374.9352643, 0.0003414154052734375], "Training": [1745491756.3014266, 381.36616230010986], "Testing": [1745491827.5458462, 71.24441957473755], "TOTAL": [1745491827.5468948, 496.4048602581024]}