{"Getting Model": [1745490698.5243967, 7.668696165084839], "Creating pythorch Dataset": [1745490732.7744346, 34.25003790855408], "Setting additional atributes": [1745490732.7748308, 0.0003962516784667969], "Creating pytorch Data Loaders": [1745490732.7750835, 0.00025272369384765625], "Training": [1745491188.4282238, 455.6531403064728], "Testing": [1745491258.1633265, 69.73510265350342], "TOTAL": [1745491258.1641922, 567.3084917068481]}