{"Getting Model": [1747255234.5753493, 7.900686502456665], "Creating pythorch Dataset": [1747255268.4095016, 33.83415222167969], "Setting additional atributes": [1747255268.4099817, 0.0004801750183105469], "Creating pytorch Data Loaders": [1747255268.4103322, 0.0003504753112792969], "Training": [1747256427.3546374, 1158.9443051815033], "Testing": [1747256619.7998266, 192.4451892375946], "TOTAL": [1747256619.8005242, 1393.1258614063263]}