{"Getting Model": [1744276615.9962091, 14.602120876312256], "Creating pythorch Dataset": [1744276678.070237, 62.07402777671814], "Setting additional atributes": [1744276678.0705767, 0.00033974647521972656], "Creating pytorch Data Loaders": [1744276678.0709162, 0.000339508056640625], "Training": [1744277401.1285477, 723.0576314926147], "Testing": [1744277824.001842, 422.8732943534851], "TOTAL": [1744277824.0028894, 1222.60880112648]}