{"Total": [1743936387.4781296, 308.111350774765], "Getting Model": [1743936088.3025436, 8.935764789581299], "Creating pythorch Dataset": [1743936101.4705708, 13.16802716255188], "Setting additional atributes": [1743936101.471063, 0.000492095947265625], "Creating pytorch Data Loaders": [1743936101.4714177, 0.000354766845703125], "Training": [1743936331.2312946, 229.75987696647644], "Testing": [1743936387.4771676, 56.24587297439575]}