{"Getting Model": [1747253350.9401193, 7.782776832580566], "Creating pythorch Dataset": [1747253389.2069826, 38.26686334609985], "Setting additional atributes": [1747253389.2073498, 0.00036716461181640625], "Creating pytorch Data Loaders": [1747253389.2076218, 0.0002720355987548828], "Training": [1747254836.1618521, 1446.9542303085327], "Testing": [1747254910.3229034, 74.16105127334595], "TOTAL": [1747254910.3237097, 1567.1663672924042]}