{"Start": [1743943810.820231, 0], "Getting Model": [1743943817.2429366, 6.42270565032959], "Creating pythorch Dataset": [1743943830.2078547, 12.96491813659668], "Setting additional atributes": [1743943830.2094164, 0.0015616416931152344], "Creating pytorch Data Loaders": [1743943830.2106519, 0.0012354850769042969], "Training": [1743944108.462468, 278.251816034317], "Testing": [1743944161.6278512, 53.16538333892822], "TOTAL": [1743944161.6286316, 350.8084006309509]}