{"Getting Model": [1744153847.5527468, 5.084871292114258], "Creating pythorch Dataset": [1744153897.015785, 49.463038206100464], "Setting additional atributes": [1744153897.0175226, 0.0017375946044921875], "Creating pytorch Data Loaders": [1744153897.0185754, 0.0010528564453125], "Training": [1744157792.8924422, 3895.8738667964935], "Testing": [1744158210.6275074, 417.7350652217865], "TOTAL": [1744158210.6281364, 4368.160260915756]}