{"Getting Model": [1744241923.9414248, 7.202795505523682], "Creating pythorch Dataset": [1744241959.1790183, 35.23759341239929], "Setting additional atributes": [1744241959.1805568, 0.0015385150909423828], "Creating pytorch Data Loaders": [1744241959.181642, 0.0010852813720703125], "Training": [1744243834.6783707, 1875.4967286586761], "Testing": [1744248599.2912161, 4764.612845420837], "TOTAL": [1744248599.2921157, 6682.5534863471985]}