{"Total": [1743887080.2951574, 421.317743062973], "Getting Model": [1743886664.4134982, 5.436083793640137], "Creating pythorch Dataset": [1743886677.2074404, 12.793942213058472], "Setting additional atributes": [1743886677.2086759, 0.0012354850769042969], "Creating pytorch Data Loaders": [1743886677.209345, 0.0006692409515380859], "Training": [1743887029.155905, 351.94655990600586], "Testing": [1743887080.2945533, 51.13864827156067]}