{"Getting Model": [1747256664.9343069, 8.151097059249878], "Creating pythorch Dataset": [1747256701.9044476, 36.9701406955719], "Setting additional atributes": [1747256701.9048407, 0.00039315223693847656], "Creating pytorch Data Loaders": [1747256701.905292, 0.0004513263702392578], "Training": [1747257106.3045049, 404.39921283721924], "Testing": [1747257810.059106, 703.7546012401581], "TOTAL": [1747257810.0598304, 1153.2766206264496]}