{"Getting Model": [1745485358.0536084, 7.856586933135986], "Creating pythorch Dataset": [1745485398.8955026, 40.84189414978027], "Setting additional atributes": [1745485398.8958812, 0.00037860870361328125], "Creating pytorch Data Loaders": [1745485398.896139, 0.00025773048400878906], "Training": [1745485990.0449824, 591.1488435268402], "Testing": [1745486058.459678, 68.41469550132751], "TOTAL": [1745486058.4605367, 708.2635152339935]}