{"Getting Model": [1747249222.6857164, 7.780240535736084], "Creating pythorch Dataset": [1747249266.5085137, 43.8227972984314], "Setting additional atributes": [1747249266.5088842, 0.0003705024719238281], "Creating pytorch Data Loaders": [1747249266.509212, 0.00032782554626464844], "Training": [1747249450.93389, 184.4246780872345], "Testing": [1747249592.5722797, 141.63838958740234], "TOTAL": [1747249592.5732887, 377.66781282424927]}