{"Getting Model": [1744269604.822936, 7.604514122009277], "Creating pythorch Dataset": [1744269640.1515958, 35.328659772872925], "Setting additional atributes": [1744269640.151923, 0.00032711029052734375], "Creating pytorch Data Loaders": [1744269640.1522083, 0.0002853870391845703], "Training": [1744270468.3482888, 828.1960804462433], "Testing": [1744270893.879539, 425.5312502384186], "TOTAL": [1744270893.8805745, 1296.6621525287628]}