{"Start": [1743940422.5200608, 0], "Getting Model": [1743940431.3915234, 8.87146258354187], "Creating pythorch Dataset": [1743940441.8410273, 10.449503898620605], "Setting additional atributes": [1743940441.8413641, 0.0003368854522705078], "Creating pytorch Data Loaders": [1743940441.8416307, 0.0002665519714355469], "Training": [1743940619.9705846, 178.12895393371582], "Testing": [1743940706.891523, 86.92093825340271], "TOTAL": [1743940706.8924928, 284.3724319934845]}