{"Getting Model": [1744136678.742792, 8.230352878570557], "Creating pythorch Dataset": [1744136721.2018204, 42.459028482437134], "Setting additional atributes": [1744136721.2021482, 0.00032782554626464844], "Creating pytorch Data Loaders": [1744136721.202466, 0.0003178119659423828], "Training": [1744136835.977482, 114.77501606941223], "Testing": [1744136885.5064995, 49.52901744842529], "TOTAL": [1744136885.5073795, 214.99494051933289]}