{"Getting Model": [1744224340.44886, 13.891866207122803], "Creating pythorch Dataset": [1744224380.0318482, 39.582988262176514], "Setting additional atributes": [1744224380.0321841, 0.00033593177795410156], "Creating pytorch Data Loaders": [1744224380.0325296, 0.00034546852111816406], "Training": [1744224505.17035, 125.13782048225403], "Testing": [1744224548.3597848, 43.18943476676941], "TOTAL": [1744224548.360797, 221.8038032054901]}