{"Total": [1743367233.8266933, 0.00026869773864746094], "Getting Model": [1743366888.881868, 20.306798696517944], "Creating pythorch Dataset": [1743366929.8597255, 40.97785758972168], "Setting additional atributes": [1743366929.8602514, 0.0005259513854980469], "Creating pytorch Data Loaders": [1743366929.8606331, 0.00038170814514160156], "Training": [1743367169.8743937, 240.01376056671143], "Testing": [1743367233.8264246, 63.9520308971405]}