{"Total": [1743620497.4338536, 390.04028058052063], "Getting Model": [1743620115.2147307, 7.821157693862915], "Creating pythorch Dataset": [1743620154.8936646, 39.67893385887146], "Setting additional atributes": [1743620154.8940854, 0.0004208087921142578], "Creating pytorch Data Loaders": [1743620154.8944657, 0.0003802776336669922], "Training": [1743620430.6721098, 275.77764415740967], "Testing": [1743620497.4332316, 66.76112174987793]}