{"Total": [1743356479.4553595, 0.0002548694610595703], "Getting Model": [1743356088.0742645, 7.620290756225586], "Creating pythorch Dataset": [1743356131.6720996, 43.597835063934326], "Setting additional atributes": [1743356131.6725233, 0.00042366981506347656], "Creating pytorch Data Loaders": [1743356131.6728134, 0.00029015541076660156], "Training": [1743356403.6041734, 271.9313600063324], "Testing": [1743356479.4551046, 75.85093116760254]}