{"Total": [1743442806.5934513, 330.4305226802826], "Getting Model": [1743442484.6677103, 8.504781723022461], "Creating pythorch Dataset": [1743442524.6942933, 40.02658295631409], "Setting additional atributes": [1743442524.6947138, 0.00042057037353515625], "Creating pytorch Data Loaders": [1743442524.695022, 0.0003082752227783203], "Training": [1743442739.204964, 214.50994181632996], "Testing": [1743442806.5924644, 67.38750052452087]}