{"Getting Model": [1744248604.3604012, 5.019784927368164], "Creating pythorch Dataset": [1744248638.4381158, 34.077714681625366], "Setting additional atributes": [1744248638.4394405, 0.0013246536254882812], "Creating pytorch Data Loaders": [1744248638.440127, 0.0006864070892333984], "Training": [1744251682.0011818, 3043.561054944992], "Testing": [1744252062.3371613, 380.3359794616699], "TOTAL": [1744252062.3380497, 3462.997433423996]}