{"Getting Model": [1744278896.729551, 8.318840742111206], "Creating pythorch Dataset": [1744278910.996863, 14.267311811447144], "Setting additional atributes": [1744278910.9971762, 0.0003132820129394531], "Creating pytorch Data Loaders": [1744278910.9975104, 0.0003342628479003906], "Training": [1744279051.4234896, 140.42597913742065], "Testing": [1744280074.2618423, 1022.8383526802063], "TOTAL": [1744280074.2626758, 1185.8519654273987]}