{"Getting Model": [1745479459.7926714, 14.656760454177856], "Creating pythorch Dataset": [1745479504.9894109, 45.19673943519592], "Setting additional atributes": [1745479504.9897826, 0.00037169456481933594], "Creating pytorch Data Loaders": [1745479504.9900723, 0.00028967857360839844], "Training": [1745480045.6381257, 540.6480534076691], "Testing": [1745480134.3556654, 88.71753978729248], "TOTAL": [1745480134.3564959, 689.2205848693848]}