{"Getting Model": [1744316895.0204465, 7.935463905334473], "Creating pythorch Dataset": [1744316930.2877028, 35.26725625991821], "Setting additional atributes": [1744316930.2880769, 0.00037407875061035156], "Creating pytorch Data Loaders": [1744316930.2884076, 0.0003306865692138672], "Training": [1744316984.3348472, 54.04643964767456], "Testing": [1744317082.7934859, 98.4586386680603], "TOTAL": [1744317082.7946672, 195.70968461036682]}