{"Getting Model": [1744268075.7760527, 8.03705906867981], "Creating pythorch Dataset": [1744268110.4439507, 34.66789793968201], "Setting additional atributes": [1744268110.4442456, 0.0002949237823486328], "Creating pytorch Data Loaders": [1744268110.44452, 0.00027441978454589844], "Training": [1744268839.3813653, 728.9368453025818], "Testing": [1744269233.7356308, 394.3542654514313], "TOTAL": [1744269233.736449, 1165.9974553585052]}