{"START": [1746894866.5275612, 0], "ocr_finetuned_5x1_v1": [1746894866.5275705, 5.0067901611328125e-06], "Saving output.": [1746895401.0271482, 534.4995777606964], "FINISH_LAP": [1746895401.0299313, 534.5023658275604], "TOTAL": [1746895401.0299792, 534.5024180412292]}