{"START": [1743964902.795396, 0], "Start": [1743964902.7953985, 2.384185791015625e-06], "Getting Model": [1743964907.853468, 5.058069467544556], "Creating pythorch Dataset": [1743964920.9770875, 13.123619556427002], "Setting additional atributes": [1743964920.9787352, 0.0016477108001708984], "Creating pytorch Data Loaders": [1743964920.9793684, 0.00063323974609375], "Training": [1743965406.8745472, 485.89517879486084], "Testing": [1743965466.8950047, 60.02045750617981], "TOTAL": [1743965466.8956447, 564.1002485752106]}