{"Getting Model": [1744320430.0887322, 8.224974870681763], "Creating pythorch Dataset": [1744320465.2032738, 35.11454153060913], "Setting additional atributes": [1744320465.2036757, 0.0004019737243652344], "Creating pytorch Data Loaders": [1744320465.203972, 0.0002963542938232422], "Training": [1744321279.9861648, 814.7821927070618], "Testing": [1744321616.3313084, 336.34514355659485], "TOTAL": [1744321616.3323724, 1194.4686150550842]}