{"Total": [1743887644.6100657, 281.46159267425537], "Getting Model": [1743887369.1770842, 6.028611183166504], "Creating pythorch Dataset": [1743887382.7516093, 13.574525117874146], "Setting additional atributes": [1743887382.7533336, 0.0017242431640625], "Creating pytorch Data Loaders": [1743887382.75428, 0.0009465217590332031], "Training": [1743887591.341867, 208.58758687973022], "Testing": [1743887644.6091502, 53.26728320121765]}