{"Getting Model": [1744252067.5264242, 5.165341377258301], "Creating pythorch Dataset": [1744252101.133689, 33.60726475715637], "Setting additional atributes": [1744252101.1349282, 0.0012392997741699219], "Creating pytorch Data Loaders": [1744252101.1355646, 0.0006363391876220703], "Training": [1744254458.1268003, 2356.991235733032], "Testing": [1744254829.344102, 371.21730160713196], "TOTAL": [1744254829.3448958, 2766.983813047409]}