{"Start": [1743944440.5150697, 0], "Getting Model": [1743944447.0085046, 6.493434906005859], "Creating pythorch Dataset": [1743944460.2016408, 13.193136215209961], "Setting additional atributes": [1743944460.2029376, 0.0012967586517333984], "Creating pytorch Data Loaders": [1743944460.203634, 0.0006964206695556641], "Training": [1743944825.6127927, 365.40915870666504], "Testing": [1743944883.9864657, 58.37367296218872], "TOTAL": [1743944883.9875686, 443.4724988937378]}