{"Getting Model": [1744165672.40724, 5.007031440734863], "Creating pythorch Dataset": [1744165717.1973007, 44.7900607585907], "Setting additional atributes": [1744165717.198977, 0.001676321029663086], "Creating pytorch Data Loaders": [1744165717.1999211, 0.0009441375732421875], "Training": [1744167662.7967138, 1945.5967926979065], "Testing": [1744168081.8714225, 419.07470870018005], "TOTAL": [1744168081.8720546, 2414.471846103668]}