{"Start": [1743941418.9029942, 0], "Getting Model": [1743941428.7633493, 9.860355138778687], "Creating pythorch Dataset": [1743941439.1743727, 10.411023378372192], "Setting additional atributes": [1743941439.1746957, 0.0003230571746826172], "Creating pytorch Data Loaders": [1743941439.1749935, 0.00029778480529785156], "Training": [1743941575.6532147, 136.4782211780548], "Testing": [1743941587.3732278, 11.72001314163208], "TOTAL": [1743941587.3742864, 168.47129225730896]}