{"Getting Model": [1744321788.6850572, 8.208690404891968], "Creating pythorch Dataset": [1744321827.6746376, 38.989580392837524], "Setting additional atributes": [1744321827.6749704, 0.00033283233642578125], "Creating pytorch Data Loaders": [1744321827.6752512, 0.0002808570861816406], "Training": [1744323005.1713994, 1177.496148109436], "Testing": [1744323099.4283223, 94.25692296028137], "TOTAL": [1744323099.4295514, 1318.9531846046448]}