{"Getting Model": [1745483665.808681, 7.8511130809783936], "Creating pythorch Dataset": [1745483705.1643457, 39.35566473007202], "Setting additional atributes": [1745483705.1647465, 0.00040078163146972656], "Creating pytorch Data Loaders": [1745483705.1650918, 0.0003452301025390625], "Training": [1745484295.6150491, 590.449957370758], "Testing": [1745484362.855186, 67.24013686180115], "TOTAL": [1745484362.8561554, 704.8985874652863]}