{"START": [1743963007.5870485, 0], "Start": [1743963007.5870504, 1.9073486328125e-06], "Getting Model": [1743963013.795937, 6.208886623382568], "Creating pythorch Dataset": [1743963026.42927, 12.633332967758179], "Setting additional atributes": [1743963026.430732, 0.0014619827270507812], "Creating pytorch Data Loaders": [1743963026.4316108, 0.0008788108825683594], "Training": [1743963297.8233254, 271.3917145729065], "Testing": [1743963716.1661038, 418.34277844429016], "TOTAL": [1743963716.1667328, 708.5796842575073]}