{"Start": [1743943611.2389383, 0], "Getting Model": [1743943617.8402264, 6.601288080215454], "Creating pythorch Dataset": [1743943631.5865853, 13.746358871459961], "Setting additional atributes": [1743943631.5877068, 0.00112152099609375], "Creating pytorch Data Loaders": [1743943631.5884204, 0.0007135868072509766], "Training": [1743943708.8904102, 77.30198979377747], "Testing": [1743943810.788315, 101.89790487289429], "TOTAL": [1743943810.789004, 199.55006575584412]}