{"Total": [1743886658.9448965, 655.7207462787628], "Getting Model": [1743886008.7232928, 5.499142646789551], "Creating pythorch Dataset": [1743886021.3925147, 12.669221878051758], "Setting additional atributes": [1743886021.3940551, 0.0015404224395751953], "Creating pytorch Data Loaders": [1743886021.3949707, 0.00091552734375], "Training": [1743886206.0364518, 184.64148116111755], "Testing": [1743886658.9439256, 452.9074738025665]}