{"Getting Model": [1744147414.2932024, 5.499105453491211], "Creating pythorch Dataset": [1744147467.444809, 53.15160655975342], "Setting additional atributes": [1744147467.4466653, 0.0018563270568847656], "Creating pytorch Data Loaders": [1744147467.4476733, 0.0010080337524414062], "Training": [1744149914.4969707, 2447.0492973327637], "Testing": [1744153842.416829, 3927.919858455658], "TOTAL": [1744153842.4176612, 6433.623564243317]}