{"START": [1743963716.2231224, 0], "Start": [1743963716.2231238, 1.430511474609375e-06], "Getting Model": [1743963721.3508906, 5.127766847610474], "Creating pythorch Dataset": [1743963734.0805094, 12.729618787765503], "Setting additional atributes": [1743963734.0820074, 0.0014979839324951172], "Creating pytorch Data Loaders": [1743963734.082891, 0.0008835792541503906], "Training": [1743964063.756737, 329.67384600639343], "Testing": [1743964902.7659793, 839.0092422962189], "TOTAL": [1743964902.7665813, 1186.5434589385986]}