{"Total": [1743887363.1129205, 282.7744324207306], "Getting Model": [1743887085.4805977, 5.142109632492065], "Creating pythorch Dataset": [1743887098.256132, 12.77553415298462], "Setting additional atributes": [1743887098.2573926, 0.0012607574462890625], "Creating pytorch Data Loaders": [1743887098.2580407, 0.0006480216979980469], "Training": [1743887301.3939598, 203.1359190940857], "Testing": [1743887363.1123023, 61.718342542648315]}