{"Getting Model": [1744158215.5892155, 4.9420740604400635], "Creating pythorch Dataset": [1744158261.3897257, 45.80051016807556], "Setting additional atributes": [1744158261.3912919, 0.001566171646118164], "Creating pytorch Data Loaders": [1744158261.3921394, 0.0008475780487060547], "Training": [1744159336.2167695, 1074.824630022049], "Testing": [1744165667.371563, 6331.1547935009], "TOTAL": [1744165667.3725471, 7456.725405693054]}