{"Start": [1743944161.670536, 0], "Getting Model": [1743944168.7092633, 7.038727283477783], "Creating pythorch Dataset": [1743944181.5529082, 12.843644857406616], "Setting additional atributes": [1743944181.5542822, 0.0013740062713623047], "Creating pytorch Data Loaders": [1743944181.5549617, 0.0006794929504394531], "Training": [1743944380.108565, 198.55360341072083], "Testing": [1743944440.4695513, 60.36098623275757], "TOTAL": [1743944440.4704602, 278.79992413520813]}