{"Getting Model": [1744317101.9714956, 7.747202157974243], "Creating pythorch Dataset": [1744317137.4183838, 35.44688820838928], "Setting additional atributes": [1744317137.4188616, 0.00047779083251953125], "Creating pytorch Data Loaders": [1744317137.4192123, 0.00035071372985839844], "Training": [1744318051.509201, 914.0899887084961], "Testing": [1744318161.3180687, 109.80886769294739], "TOTAL": [1744318161.3190656, 1067.0947721004486]}