{"Getting Model": [1744140957.2538493, 7.728484392166138], "Creating pythorch Dataset": [1744141008.6083505, 51.354501247406006], "Setting additional atributes": [1744141008.608785, 0.0004343986511230469], "Creating pytorch Data Loaders": [1744141008.6090662, 0.00028133392333984375], "Training": [1744143617.8288581, 2609.2197918891907], "Testing": [1744147408.3436172, 3790.5147590637207], "TOTAL": [1744147408.3445766, 6458.81921172142]}