{"START": [1743955779.5168397, 0], "Start": [1743955779.5168428, 3.0994415283203125e-06], "Getting Model": [1743955793.554139, 14.037296056747437], "Creating pythorch Dataset": [1743955806.1432981, 12.5891592502594], "Setting additional atributes": [1743955806.1437004, 0.00040221214294433594], "Creating pytorch Data Loaders": [1743955806.1440613, 0.0003609657287597656], "Training": [1743961691.3244245, 5885.180363178253], "Testing": [1743962497.9484835, 806.6240589618683], "TOTAL": [1743962497.9491503, 6718.432310581207]}