{"Total": [1743886003.1551542, 447.59595131874084], "Getting Model": [1743885563.5332537, 7.974050760269165], "Creating pythorch Dataset": [1743885575.1665938, 11.633340120315552], "Setting additional atributes": [1743885575.1669261, 0.0003323554992675781], "Creating pytorch Data Loaders": [1743885575.1671944, 0.0002682209014892578], "Training": [1743885904.7224448, 329.55525040626526], "Testing": [1743886003.154359, 98.43191432952881]}