{"Start": [1743942692.3734841, 0], "Getting Model": [1743942701.4556475, 9.082163333892822], "Creating pythorch Dataset": [1743942713.372677, 11.917029619216919], "Setting additional atributes": [1743942713.3729815, 0.0003044605255126953], "Creating pytorch Data Loaders": [1743942713.3733284, 0.00034689903259277344], "Training": [1743942991.0055466, 277.6322181224823], "Testing": [1743943610.8111777, 619.8056311607361], "TOTAL": [1743943610.812093, 918.4386088848114]}