{"Getting Model": [1744226146.59793, 7.646911859512329], "Creating pythorch Dataset": [1744226181.2378907, 34.63996076583862], "Setting additional atributes": [1744226181.2381544, 0.0002636909484863281], "Creating pytorch Data Loaders": [1744226181.238432, 0.00027751922607421875], "Training": [1744228184.6025627, 2003.3641307353973], "Testing": [1744233229.243857, 5044.6412942409515], "TOTAL": [1744233229.244978, 7090.293959856033]}